name,code
Marvel Super Heroes Tokens,tmsh
Through the Omenpaths 2,om2
Marvel Super Heroes,msh
Marvel Super Heroes Commander,msc
Secrets of Strixhaven Commander,soc
Secrets of Strixhaven,sos
Secrets of Strixhaven Mystical Archive,soa
Teenage Mutant Ninja Turtles Eternal Tokens,ttmc
Teenage Mutant Ninja Turtles Source Material,pza
Teenage Mutant Ninja Turtles Eternal,tmc
Teenage Mutant Ninja Turtles Tokens,ttmt
Teenage Mutant Ninja Turtles,tmt
Year of the Horse 2026,pl26
Alchemy: Lorwyn Eclipsed,yecl
Lorwyn Eclipsed Promos,pecl
Lorwyn Eclipsed Art Series,aecl
Lorwyn Eclipsed Commander Tokens,tecc
Lorwyn Eclipsed Tokens,tecl
Lorwyn Eclipsed,ecl
Lorwyn Eclipsed Commander,ecc
MagicFest 2026,pf26
Wizards Play Network 2026,pw26
Final Fantasy Scene Box,afic
Avatar: The Last Airbender Promos,ptla
Avatar: the Last Airbender Eternal Art Series,atle
Avatar: The Last Airbender Jumpstart Front Cards,jtla
Avatar: The Last Airbender Beginner Box Front Cards,ftla
Avatar: The Last Airbender Tokens,ttla
Avatar: The Last Airbender Eternal Tokens,ttle
Avatar: The Last Airbender Eternal,tle
Avatar: the Last Airbender Art Series,atla
Avatar: The Last Airbender,tla
Marvel Legends Series Inserts,lmar
Marvel's Spider-Man Tokens,tspm
Marvel's Spider-Man Promos,pspm
Marvel's Spider-Man Art Series,aspm
Marvel's Spider-Man Eternal,spe
Marvel's Spider-Man,spm
Marvel Universe,mar
Arena Anthology 4,aa4
Arena Anthology 3,aa3
Through the Omenpaths Bonus Sheet,omb
Through the Omenpaths,om1
2023 Heroes of the Realm,ph23
Arena Anthology 2,aa2
Arena Anthology 1,aa1
Alchemy: Edge of Eternities,yeoe
Edge of Eternities Art Series,aeoe
Edge of Eternities Promos,peoe
Edge of Eternities Commander,eoc
Edge of Eternities,eoe
Edge of Eternities Commander Tokens,teoc
Edge of Eternities Tokens,teoe
Edge of Eternities: Stellar Sights,eos
The Big Score Promos,pbig
Final Fantasy Tokens,tfin
Final Fantasy Regional Promos,rfin
Final Fantasy Commander,fic
Final Fantasy Art Series,afin
Final Fantasy: Through the Ages,fca
Final Fantasy Promos,pfin
Final Fantasy Commander Tokens,tfic
FIN Asia WPN Promo Tokens,wfin
Final Fantasy,fin
FIN Standard Showdown,pss5
Pioneer Anthology 1,pa1
Alchemy: Tarkir,ytdm
Tarkir: Dragonstorm Promos,ptdm
Tarkir: Dragonstorm Commander Tokens,ttdc
Tarkir: Dragonstorm Tokens,ttdm
Tarkir: Dragonstorm Art Series,atdm
Tarkir: Dragonstorm Commander,tdc
Tarkir: Dragonstorm,tdm
Love Your LGS 2025,plg25
Alchemy: Aetherdrift,ydft
Secret Lair Showcase Planes,pssc
Aetherdrift Art Series,adft
Aetherdrift Promos,pdft
Aetherdrift Tokens,tdft
Aetherdrift,dft
Aetherdrift Commander Tokens,tdrc
Year of the Snake 2025,pl25
Aetherdrift Commander,drc
Japan Standard Cup,pjsc
Innistrad Remastered Art Series,ainr
Innistrad Remastered,inr
Innistrad Remastered Tokens,tinr
Spotlight Series,pspl
MagicFest 2025,pf25
Wizards Play Network 2025,pw25
Pioneer Masters,pio
Foundations Promos,pfdn
Foundations Art Series,afdn
Foundations Jumpstart Front Cards,fj25
Foundations Tokens,tfdn
Foundations Jumpstart,j25
Foundations Front Cards,ffdn
Foundations,fdn
Foundations Commander,fdc
Tales of Middle-earth Deluxe Commander Kit,pltc
Alchemy: Duskmourn,ydsk
Duskmourn: House of Horror Promos,pdsk
Duskmourn: House of Horror Tokens,tdsk
Duskmourn: House of Horror Commander,dsc
Duskmourn Commander Tokens,tdsc
Duskmourn: House of Horror Art Series,adsk
Duskmourn: House of Horror,dsk
Alchemy: Bloomburrow,yblb
Love Your LGS 2024,plg24
Bloomburrow Tokens,tblb
Bloomburrow Promos,pblb
Bloomburrow Commander Tokens,tblc
Bloomburrow Art Series,ablb
Bloomburrow Commander,blc
Bloomburrow,blb
Mystery Booster 2,mb2
Cowboy Bebop,pcbb
Assassin's Creed Minigames,macr
Assassin's Creed Art Series,aacr
Assassin's Creed,acr
Assassin's Creed Tokens,tacr
Modern Horizons 3 Substitute Cards,smh3
Modern Horizons 3 Promos,pmh3
Modern Horizons 3 Commander Tokens,tm3c
Modern Horizons 3,mh3
Modern Horizons 3 Art Series,amh3
Modern Horizons 3 Tokens,tmh3
Modern Horizons 3 Commander,m3c
Modern Horizons 2 Timeshifts,h2r
Alchemy: Outlaws of Thunder Junction,yotj
Outlaws of Thunder Junction Art Series,aotj
Outlaws of Thunder Junction Tokens,totj
Outlaws of Thunder Junction Promos,potj
Outlaws of Thunder Junction Commander Tokens,totc
The Big Score,big
The Big Score Tokens,tbig
Outlaws of Thunder Junction,otj
Outlaws of Thunder Junction Commander,otc
Breaking News,otp
Breaking News Tokens,totp
Fallout,pip
Fallout Tokens,tpip
Alchemy: Murders at Karlov Manor ,ymkm
Black Lotus Unknown Planechase,punk
Ravnica: Clue Edition Front Cards,fclu
Ravnica: Clue Edition,clu
MKM Standard Showdown,pss4
Murders at Karlov Manor Promos,pmkm
Murders at Karlov Manor Art Series,amkm
Murders at Karlov Manor Commander Tokens,tmkc
Murders at Karlov Manor Tokens,tmkm
MKM Japanese Promo Tokens,wmkm
Murders at Karlov Manor,mkm
Murders at Karlov Manor Commander,mkc
Year of the Dragon 2024,pl24
Ravnica Remastered Tokens,trvr
Ravnica Remastered,rvr
MagicFest 2024,pf24
Wizards Play Network 2024,pw24
Alchemy: Ixalan,ylci
The Lost Caverns of Ixalan Art Series,alci
The Lost Caverns of Ixalan Promos,plci
Special Guests,spg
The Lost Caverns of Ixalan Commander,lcc
The Lost Caverns of Ixalan Commander Tokens,tlcc
The Lost Caverns of Ixalan Tokens,tlci
The Lost Caverns of Ixalan Substitute Cards,slci
March of the Machine: The Aftermath Promos,pmat
Jurassic World Collection Tokens,trex
Jurassic World Collection,rex
The Lost Caverns of Ixalan,lci
Tales of Middle-earth Scene Box,altc
Doctor Who Tokens,twho
Doctor Who,who
Alchemy: Wilds of Eldraine,ywoe
Wilds of Eldraine Promos,pwoe
Wilds of Eldraine Art Series,awoe
WOE Japanese Promo Tokens,wwoe
Wilds of Eldraine: Enchanting Tales,wot
Wilds of Eldraine Commander,woc
Wilds of Eldraine Tokens,twoe
Wilds of Eldraine Commander Tokens,twoc
Wilds of Eldraine,woe
Magic Ã— Duel Masters Promos,pmda
Time Spiral Remastered Promos,ptsr
30th Anniversary Celebration Tokyo,p30t
Commander Masters Tokens,tcmm
Commander Masters Art Series,acmm
Commander Masters,cmm
2022 Heroes of the Realm,ph22
Historic Anthology 7,ha7
Explorer Anthology 3,ea3
MagicFest 2023,pf23
Tales of Middle-earth Promos,pltr
Tales of Middle-earth Commander,ltc
The Lord of the Rings: Tales of Middle-earth Minigames,mltr
The Lord of the Rings: Tales of Middle-earth,ltr
Tales of Middle-earth Art Series,altr
Tales of Middle-earth Commander Tokens,tltc
Tales of Middle-earth Tokens,tltr
Tales of Middle-earth Front Cards,fltr
March of the Machine: The Aftermath,mat
March of the Machine Jumpstart Front Cards,fmom
March of the Machine Commander Tokens,tmoc
March of the Machine Commander,moc
March of the Machine Promos,pmom
March of the Machine,mom
March of the Machine Tokens,tmom
March of the Machine Art Series,amom
MOM Japanese Promo Tokens,wmom
Multiverse Legends Tokens,tmul
March of the Machine Substitute Cards,smom
Multiverse Legends,mul
Shadows of the Past,sis
Shadows over Innistrad Remastered,sir
Alchemy: Phyrexia,yone
Secret Lair Promo,slp
Unknown Event,unk
Phyrexia: All Will Be One,one
Phyrexia: All Will Be One Commander,onc
Year of the Rabbit 2023,pl23
Phyrexia: All Will Be One Promos,pone
Phyrexia: All Will Be One Commander Tokens,tonc
Phyrexia: All Will Be One Tokens,tone
Phyrexia: All Will Be One Art Series,aone
Phyrexia: All Will Be One Jumpstart Front Cards,fone
Phyrexia: All Will Be One Minigames,mone
ONE Japanese Promo Tokens,wone
Dominaria Remastered,dmr
Dominaria Remastered Tokens,tdmr
Regional Championship Qualifiers 2023,pr23
Wizards Play Network 2023,pw23
Judge Gift Cards 2023,p23
Alchemy: The Brothers' War,ybro
Explorer Anthology 2,ea2
Starter Commander Deck Tokens,tscd
Starter Commander Decks,scd
Jumpstart 2022 Front Cards,fj22
Jumpstart 2022,j22
30th Anniversary Tokens,t30a
30th Anniversary Edition,30a
Eternal Weekend,pewk
The Brothers' War Commander,brc
The Brothers' War Retro Artifacts,brr
The Brothers' War Promos,pbro
Transformers Tokens,tbot
The Brothers' War Southeast Asia Tokens,ptbro
Transformers,bot
The Brothers' War Commander Tokens,tbrc
The Brothers' War Substitute Cards,sbro
The Brothers' War Tokens,tbro
The Brothers' War Art Series,abro
The Brothers' War Minigames,mbro
The Brothers' War,bro
The Brothers' War Jumpstart Front Cards,fbro
Secret Lair Countdown,slc
Game Night: Free-for-All Tokens,tgn3
Game Night: Free-for-All,gn3
The List (Unfinity Foil Edition),ulst
Unfinity Tokens,tunf
Unfinity Sticker Sheets,sunf
Unfinity,unf
"Warhammer 40,000 Tokens",t40k
"Warhammer 40,000 Commander",40k
Alchemy: Dominaria,ydmu
Regional Championship Qualifiers 2022,prcq
30th Anniversary History Promos,p30h
Dominaria United Promos,pdmu
Dominaria United Southeast Asia Tokens,ptdmu
Dominaria United,dmu
Dominaria United Art Series,admu
Dominaria United Commander Tokens,tdmc
Dominaria United Minigames,mdmu
DMU Japanese Promo Tokens,wdmu
Dominaria United Jumpstart Front Cards,fdmu
Dominaria United Tokens,tdmu
Dominaria United Commander,dmc
30th Anniversary Misc Promos,p30m
30th Anniversary Play Promos,p30a
Summer Vacation Promos 2022,psvc
2021 Heroes of the Realm,ph21
Historic Anthology 6,ha6
Explorer Anthology 1,ea1
Store Championships,sch
Double Masters 2022,2x2
Double Masters 2022 Tokens,t2x2
Alchemy Horizons: Baldur's Gate,hbg
Love Your LGS 2022,plg22
Battle for Baldur's Gate Promos,pclb
Commander Legends: Battle for Baldur's Gate Minigames,mclb
Battle for Baldur's Gate Art Series,aclb
Commander Legends: Battle for Baldur's Gate,clb
Battle for Baldur's Gate Tokens,tclb
Battle for Baldur's Gate Oversized Cards,oclb
Alchemy: New Capenna,ysnc
Streets of New Capenna Southeast Asia Tokens,ptsnc
New Capenna Commander Promos,pncc
Streets of New Capenna Tokens,tsnc
Streets of New Capenna,snc
New Capenna Commander Tokens,tncc
New Capenna Commander,ncc
Streets of New Capenna Promos,psnc
Streets of New Capenna Minigames,msnc
New Capenna Art Series,asnc
Game Day Promos,gdy
Challenger Decks 2022,q07
Alchemy: Kamigawa,yneo
Wizards Play Network 2022,pw22
Universes Within,slx
Year of the Tiger 2022,pl22
Kamigawa: Neon Dynasty Promos,pneo
Kamigawa: Neon Dynasty Minigames,mneo
Kamigawa: Neon Dynasty Substitute Cards,sneo
Kamigawa: Neon Dynasty Tokens,tneo
Neon Dynasty Commander Tokens,tnec
Kamigawa: Neon Dynasty,neo
Neon Dynasty Commander,nec
Neon Dynasty Art Series,aneo
Commander Collection: Black,cc2
Innistrad: Double Feature,dbl
Judge Gift Cards 2022,p22
Alchemy: Innistrad,ymid
Innistrad: Crimson Vow Promos,pvow
Crimson Vow Commander Tokens,tvoc
Innistrad: Crimson Vow Tokens,tvow
Crimson Vow Commander Display Commanders,ovoc
Innistrad: Crimson Vow Minigames,mvow
Innistrad: Crimson Vow Substitute Cards,svow
Crimson Vow Commander,voc
Crimson Vow Art Series,avow
Innistrad: Crimson Vow,vow
Pioneer Challenger Decks 2021,q06
Innistrad: Midnight Hunt Substitute Cards,smid
Midnight Hunt Commander Tokens,tmic
Midnight Hunt Commander,mic
Innistrad: Midnight Hunt Tokens,tmid
Innistrad: Midnight Hunt Promos,pmid
Midnight Hunt Art Series,amid
Midnight Hunt Commander Display Commanders,omic
Innistrad: Midnight Hunt,mid
Innistrad: Midnight Hunt Minigames,mmid
Jumpstart: Historic Horizons,j21
Mystery Booster Playtest Cards 2021,cmb2
2020 Heroes of the Realm,ph20
Adventures in the Forgotten Realms Promos,pafr
Forgotten Realms Commander Display Commanders,oafc
Forgotten Realms Oversized Cards,oafr
Forgotten Realms Commander,afc
Adventures in the Forgotten Realms Art Series,aafr
Forgotten Realms Commander Tokens,tafc
Adventures in the Forgotten Realms Tokens,tafr
Adventures in the Forgotten Realms Minigames,mafr
Adventures in the Forgotten Realms,afr
Love Your LGS 2021,plg21
Modern Horizons 2 Tokens,tmh2
Modern Horizons 2 Promos,pmh2
Modern Horizons 2 Minigames,mmh2
Modern Horizons 2 Art Series,amh2
Wizards Play Network 2021,pw21
Modern Horizons 1 Timeshifts,h1r
Modern Horizons 2,mh2
Historic Anthology 5,ha5
Strixhaven: School of Mages Promos,pstx
Commander 2021 Tokens,tc21
Strixhaven: School of Mages Tokens,tstx
Strixhaven: School of Mages Substitute Cards,sstx
Strixhaven: School of Mages Minigames,mstx
Strixhaven Art Series,astx
Commander 2021,c21
Strixhaven Mystical Archive,sta
Strixhaven: School of Mages,stx
Commander 2021 Display Commanders,oc21
Time Spiral Remastered Tokens,ttsr
Time Spiral Remastered,tsr
Historic Anthology 4,ha4
Kaldheim Promos,pkhm
Kaldheim Minigames,mkhm
Kaldheim Substitute Cards,skhm
Kaldheim Tokens,tkhm
Kaldheim Commander,khc
Kaldheim Commander Tokens,tkhc
Kaldheim Art Series,akhm
Kaldheim,khm
Year of the Ox 2021,pl21
Judge Gift Cards 2021,pj21
Commander Collection: Green,cc1
Commander Legends Tokens,tcmr
Commander Legends Promos,pcmr
Commander Legends,cmr
Kaladesh Remastered,klr
The List,plst
Zendikar Rising Promos,pznr
Zendikar Rising Commander Tokens,tznc
Zendikar Rising,znr
Zendikar Rising Tokens,tznr
Zendikar Rising Art Series,aznr
Zendikar Rising Substitute Cards,sznr
Zendikar Rising Expeditions,zne
Zendikar Rising Minigames,mznr
Zendikar Rising Commander,znc
Amonkhet Remastered,akr
Arena Beginner Set,anb
Double Masters,2xm
Double Masters Tokens,t2xm
2019 Heroes of the Realm,ph19
Jumpstart Arena Exclusives,ajmp
Jumpstart,jmp
Core Set 2021 Promos,pm21
Core Set 2021 Tokens,tm21
Core Set 2021,m21
Signature Spellbook: Chandra,ss3
Jumpstart Front Cards,fjmp
Secret Lair: Ultimate Edition,slu
Historic Anthology 3,ha3
Love Your LGS 2020,plg20
Ikoria: Lair of Behemoths Promos,piko
Ikoria: Lair of Behemoths Tokens,tiko
Ikoria: Lair of Behemoths,iko
Commander 2020 Oversized,oc20
Commander 2020 Tokens,tc20
Commander 2020,c20
Historic Anthology 2,ha2
Unsanctioned Tokens,tund
Unsanctioned,und
Theros Beyond Death Promos,pthb
Theros Beyond Death Tokens,tthb
Theros Beyond Death,thb
Judge Gift Cards 2020,j20
MagicFest 2020,pf20
Secret Lair Drop,sld
Historic Anthology 1,ha1
Game Night 2019 Tokens,tgn2
Game Night 2019,gn2
Mystery Booster Playtest Cards 2019,cmb1
Ponies: The Galloping,ptg
Throne of Eldraine Tokens,teld
Throne of Eldraine Promos,peld
Throne of Eldraine,eld
Planeswalker Championship Promos,pwcs
Commander 2019 Oversized,oc19
Commander 2019,c19
Commander 2019 Tokens,tc19
2018 Heroes of the Realm,ph18
San Diego Comic-Con 2019,ps19
M20 Promo Packs,ppp1
Core Set 2020 Promos,pm20
Core Set 2020 Tokens,tm20
Core Set 2020,m20
Signature Spellbook: Gideon,ss2
Modern Horizons Promos,pmh1
Modern Horizons,mh1
Modern Horizons Art Series,amh1
Modern Horizons Tokens,tmh1
War of the Spark Promos,pwar
War of the Spark Tokens,twar
War of the Spark,war
Judge Gift Cards 2019,j19
RNA Ravnica Weekend,prw2
RNA Guild Kit,gk2
RNA Guild Kit Tokens,tgk2
Ravnica Allegiance Promos,prna
Ravnica Allegiance Tokens,trna
Ravnica Allegiance,rna
MagicFest 2019,pf19
Ultimate Box Topper,puma
Ultimate Masters Tokens,tuma
Ultimate Masters,uma
M19 Gift Pack,g18
Game Night,gnt
GRN Ravnica Weekend,prwk
GRN Guild Kit Tokens,tgk1
GRN Guild Kit,gk1
Guilds of Ravnica Tokens,tgrn
Guilds of Ravnica Promos,pgrn
Guilds of Ravnica,grn
Mythic Edition Tokens,tmed
Mythic Edition,med
Commander 2018,c18
Commander 2018 Oversized,oc18
Commander 2018 Tokens,tc18
2017 Heroes of the Realm,ph17
San Diego Comic-Con 2018,ps18
Arena New Player Experience Extras,xana
Arena New Player Experience,ana
MTG Arena Promos,pana
Arena New Player Experience Cards,oana
Core Set 2019 Promos,pm19
Core Set 2019,m19
Core Set 2019 Tokens,tm19
M19 Standard Showdown,pss3
Global Series Jiang Yanggu & Mu Yanling,gs1
Signature Spellbook: Jace,ss1
Battlebond Promos,pbbd
Battlebond Tokens,tbbd
Commander Anthology Volume II,cm2
Commander Anthology Volume II Tokens,tcm2
Battlebond,bbd
Dominaria Promos,pdom
Dominaria,dom
Dominaria Tokens,tdom
Duel Decks: Elves vs. Inventors Tokens,tddu
Duel Decks: Elves vs. Inventors,ddu
Masters 25,a25
Masters 25 Tokens,ta25
Lunar New Year 2018,plny
Nationals Promos,pnat
Rivals of Ixalan Tokens,trix
Rivals of Ixalan Promos,prix
Rivals of Ixalan,rix
Judge Gift Cards 2018,j18
Friday Night Magic 2018,f18
Unstable Promos,pust
Unstable Tokens,tust
Unstable,ust
Iconic Masters Tokens,tima
Explorers of Ixalan,e02
From the Vault: Transform,v17
XLN Treasure Chest,pxtc
Iconic Masters,ima
Duel Decks: Merfolk vs. Goblins,ddt
Duel Decks: Merfolk vs. Goblins Tokens,tddt
2017 Gift Pack,g17
Ixalan Promos,pxln
Ixalan,xln
Ixalan Tokens,txln
XLN Standard Showdown,pss2
HasCon 2017,h17
2016 Heroes of the Realm,phtr
Archenemy: Nicol Bolas Tokens,te01
Commander 2017 Oversized,oc17
Commander 2017,c17
Commander 2017 Tokens,tc17
San Diego Comic-Con 2017,ps17
Hour of Devastation Promos,phou
Hour of Devastation,hou
Hour of Devastation Tokens,thou
Archenemy: Nicol Bolas Schemes,oe01
Archenemy: Nicol Bolas,e01
Commander Anthology Tokens,tcma
Commander Anthology,cma
Amonkhet Promos,pakh
Amonkhet Tokens,takh
Amonkhet Invocations,mp2
Amonkhet,akh
Welcome Deck 2017,w17
Duel Decks: Mind vs. Might,dds
Duel Decks: Mind vs. Might Tokens,tdds
Modern Masters 2017,mm3
Modern Masters 2017 Tokens,tmm3
Aether Revolt Promos,paer
Aether Revolt Tokens,taer
Aether Revolt,aer
League Tokens 2017,l17
Friday Night Magic 2017,f17
Judge Gift Cards 2017,j17
Planechase Anthology Tokens,tpca
Planechase Anthology Planes,opca
Planechase Anthology,pca
Treasure Chest,pz2
Commander 2016 Oversized,oc16
Commander 2016 Tokens,tc16
Commander 2016,c16
San Diego Comic-Con 2016,ps16
Kaladesh Promos,pkld
Kaladesh,kld
Kaladesh Tokens,tkld
Kaladesh Inventions,mps
Duel Decks: Nissa vs. Ob Nixilis,ddr
Conspiracy: Take the Crown Tokens,tcn2
Conspiracy: Take the Crown,cn2
From the Vault: Lore,v16
Eldritch Moon Promos,pemn
Eldritch Moon Tokens,temn
Eldritch Moon,emn
Eternal Masters Tokens,tema
Eternal Masters,ema
Shadows over Innistrad Promos,psoi
Shadows over Innistrad Tokens,tsoi
Shadows over Innistrad,soi
Welcome Deck 2016,w16
Duel Decks: Blessed vs. Cursed,ddq
Oath of the Gatewatch Tokens,togw
Oath of the Gatewatch Promos,pogw
Oath of the Gatewatch,ogw
League Tokens 2016,l16
Judge Gift Cards 2016,j16
Friday Night Magic 2016,f16
Legendary Cube Prize Pack,pz1
Commander 2015 Oversized,oc15
Commander 2015,c15
Commander 2015 Tokens,tc15
Battle for Zendikar Promos,pbfz
Battle for Zendikar Tokens,tbfz
BFZ Standard Series,pss1
Zendikar Expeditions,exp
Battle for Zendikar,bfz
Duel Decks: Zendikar vs. Eldrazi,ddp
From the Vault: Angels,v15
Magic Origins Clash Pack,cp3
Magic Origins Promos,pori
Magic Origins,ori
Magic Origins Tokens,tori
San Diego Comic-Con 2015,ps15
Modern Masters 2015,mm2
Modern Masters 2015 Tokens,tmm2
Tempest Remastered,tpr
Tarkir Dragonfury,ptkdf
Dragons of Tarkir Promos,pdtk
Dragons of Tarkir Tokens,tdtk
Dragons of Tarkir,dtk
Duel Decks: Elspeth vs. Kiora,ddo
Fate Reforged Promos,pfrf
Fate Reforged Clash Pack,cp2
Fate Reforged,frf
Fate Reforged Tokens,tfrf
Ugin's Fate,ugin
League Tokens 2015,l15
Friday Night Magic 2015,f15
Judge Gift Cards 2015,j15
Duel Decks Anthology: Jace vs. Chandra Tokens,tjvc
Duel Decks Anthology: Divine vs. Demonic Tokens,tdvd
Duel Decks Anthology: Garruk vs. Liliana Tokens,tgvl
Duel Decks Anthology: Divine vs. Demonic,dvd
Duel Decks Anthology: Elves vs. Goblins,evg
Duel Decks Anthology: Elves vs. Goblins Tokens,tevg
Duel Decks Anthology: Garruk vs. Liliana,gvl
Duel Decks Anthology: Jace vs. Chandra,jvc
Commander 2014 Oversized,oc14
Commander 2014,c14
Commander 2014 Tokens,tc14
Khans of Tarkir Promos,pktk
Khans of Tarkir,ktk
Khans of Tarkir Tokens,tktk
Duel Decks: Speed vs. Cunning,ddn
From the Vault: Annihilation,v14
Magic 2015 Clash Pack,cp1
Magic 2015 Tokens,tm15
Magic 2015,m15
Magic 2015 Promos,pm15
M15 Prerelease Challenge,ppc1
Duels of the Planeswalkers 2015 Promos,pdp15
San Diego Comic-Con 2014,ps14
Vintage Masters,vma
Conspiracy Promos,pcns
Conspiracy Tokens,tcns
Conspiracy,cns
Modern Event Deck 2014 Tokens,tmd1
Modern Event Deck 2014,md1
Defeat a God,tdag
Journey into Nyx Tokens,tjou
Journey into Nyx Hero's Path,thp3
Journey into Nyx,jou
Journey into Nyx Promos,pjou
Duel Decks: Jace vs. Vraska,ddm
Duel Decks: Jace vs. Vraska Tokens,tddm
Battle the Horde,tbth
Born of the Gods,bng
Born of the Gods Tokens,tbng
Born of the Gods Hero's Path,thp2
Born of the Gods Promos,pbng
League Tokens 2014,l14
Friday Night Magic 2014,f14
Judge Gift Cards 2014,j14
Commander 2013 Oversized,oc13
Commander 2013,c13
Face the Hydra,tfth
Theros,ths
Theros Tokens,tths
Theros Hero's Path,thp1
Theros Promos,pths
Duel Decks: Heroes vs. Monsters,ddl
Duel Decks: Heroes vs. Monsters Tokens,tddl
From the Vault: Twenty,v13
Magic 2014 Tokens,tm14
Magic 2014,m14
Magic 2014 Promos,pm14
San Diego Comic-Con 2013,psdc
Modern Masters,mma
Modern Masters Tokens,tmma
Dragon's Maze,dgm
Dragon's Maze Tokens,tdgm
Dragon's Maze Promos,pdgm
World Magic Cup Qualifiers,wmc
Duel Decks: Sorin vs. Tibalt Tokens,tddk
Duel Decks: Sorin vs. Tibalt,ddk
Gatecrash,gtc
Gatecrash Tokens,tgtc
Gatecrash Promos,pgtc
Duels of the Planeswalkers 2014 Promos,pdp14
League Tokens 2013,l13
Judge Gift Cards 2013,j13
Friday Night Magic 2013,f13
Commander's Arsenal Oversized,ocm1
Commander's Arsenal,cm1
Return to Ravnica,rtr
Return to Ravnica Promos,prtr
Return to Ravnica Tokens,trtr
Duel Decks: Izzet vs. Golgari Tokens,tddj
Duel Decks: Izzet vs. Golgari,ddj
From the Vault: Realms,v12
Magic 2013,m13
Magic 2013 Tokens,tm13
Magic 2013 Promos,pm13
Planechase 2012 Planes,opc2
Planechase 2012,pc2
Avacyn Restored Tokens,tavr
Avacyn Restored,avr
Open the Helvault,phel
Avacyn Restored Promos,pavr
Duel Decks: Venser vs. Koth Tokens,tddi
Duel Decks: Venser vs. Koth,ddi
Dark Ascension Tokens,tdka
Dark Ascension,dka
Dark Ascension Promos,pdka
Wizards Play Network 2012,pw12
Duels of the Planeswalkers 2013 Promos,pdp13
IDW Comics Inserts,pidw
League Tokens 2012,l12
Friday Night Magic 2012,f12
Judge Gift Cards 2012,j12
Premium Deck Series: Graveborn,pd3
Innistrad,isd
Innistrad Tokens,tisd
Innistrad Promos,pisd
Duel Decks: Ajani vs. Nicol Bolas Tokens,tddh
Duel Decks: Ajani vs. Nicol Bolas,ddh
From the Vault: Legends,v11
Magic 2012,m12
Magic 2012 Tokens,tm12
Magic 2012 Promos,pm12
Commander 2011 Oversized,ocmd
Commander 2011,cmd
Commander 2011 Launch Party,pcmd
Duel Decks: Mirrodin Pure vs. New Phyrexia,td2
New Phyrexia,nph
New Phyrexia Tokens,tnph
New Phyrexia Promos,pnph
Duel Decks: Knights vs. Dragons Tokens,tddg
Duel Decks: Knights vs. Dragons,ddg
Mirrodin Besieged,mbs
Mirrodin Besieged Tokens,tmbs
Mirrodin Besieged Promos,pmbs
Masters Edition IV,me4
Magic Premiere Shop 2011,pmps11
Wizards Play Network 2011,pw11
Duels of the Planeswalkers 2012 Promos,pdp12
Legacy Championship,olgc
Judge Gift Cards 2011,g11
Magic Player Rewards 2011,p11
Friday Night Magic 2011,f11
Salvat 2011,ps11
Premium Deck Series: Fire and Lightning,pd2
Magic Online Theme Decks,td0
Scars of Mirrodin,som
Scars of Mirrodin Tokens,tsom
Scars of Mirrodin Promos,psom
Duel Decks: Elspeth vs. Tezzeret Tokens,tddf
Duel Decks: Elspeth vs. Tezzeret,ddf
From the Vault: Relics,v10
Magic 2011,m11
Magic 2011 Tokens,tm11
Magic 2011 Promos,pm11
Archenemy Schemes,oarc
Archenemy,arc
Duels of the Planeswalkers,dpa
Rise of the Eldrazi Promos,proe
Rise of the Eldrazi,roe
Rise of the Eldrazi Tokens,troe
Duel Decks: Phyrexia vs. the Coalition,dde
Duel Decks: Phyrexia vs. the Coalition Tokens,tdde
Worldwake Promos,pwwk
Worldwake,wwk
Worldwake Tokens,twwk
Duels of the Planeswalkers 2010 Promos,pdp10
Magic Premiere Shop 2010,pmps10
Friday Night Magic 2010,f10
Magic Player Rewards 2010,p10
Judge Gift Cards 2010,g10
Premium Deck Series: Slivers,h09
Duel Decks: Garruk vs. Liliana,ddd
Duel Decks: Garruk vs. Liliana Tokens,tddd
Zendikar Promos,pzen
Zendikar Tokens,tzen
Zendikar,zen
Masters Edition III,me3
Planechase Planes,ohop
Planechase,hop
Planechase Promos,phop
From the Vault: Exiled,v09
Magic 2010 Tokens,tm10
Magic 2010,m10
Magic 2010 Promos,pm10
Alara Reborn Promos,parb
Alara Reborn Tokens,tarb
Alara Reborn,arb
Duel Decks: Divine vs. Demonic,ddc
Duel Decks: Divine vs. Demonic Tokens,tddc
URL/Convention Promos,purl
Conflux Promos,pcon
Conflux Tokens,tcon
Conflux,con
Duels of the Planeswalkers 2009 Promos,pdtp
Magic Premiere Shop 2009,pmps09
Magic Player Rewards 2009,p09
Friday Night Magic 2009,f09
Judge Gift Cards 2009,g09
Duel Decks: Jace vs. Chandra,dd2
Duel Decks: Jace vs. Chandra Tokens,tdd2
Shards of Alara Promos,pala
Shards of Alara Tokens,tala
Shards of Alara,ala
Masters Edition II,me2
From the Vault: Dragons,drb
Eventide Promos,peve
Eventide Tokens,teve
Eventide,eve
Shadowmoor Promos,pshm
Shadowmoor Tokens,tshm
Shadowmoor,shm
15th Anniversary Cards,p15a
Morningtide Promos,pmor
Morningtide,mor
Morningtide Tokens,tmor
Magic Premiere Shop 2008,pmps08
Judge Gift Cards 2008,g08
Friday Night Magic 2008,f08
Magic Player Rewards 2008,p08
Duel Decks: Elves vs. Goblins,dd1
Duel Decks: Elves vs. Goblins Tokens,tdd1
Lorwyn Promos,plrw
Lorwyn,lrw
Lorwyn Tokens,tlrw
Masters Edition,me1
Tenth Edition,10e
Tenth Edition Promos,p10e
Tenth Edition Tokens,t10e
Future Sight Promos,pfut
Future Sight,fut
Grand Prix Promos,pgpx
Pro Tour Promos,ppro
Planar Chaos Promos,pplc
Planar Chaos,plc
Judge Gift Cards 2007,g07
Magic Player Rewards 2007,p07
Magic Premiere Shop 2007,pmps07
Friday Night Magic 2007,f07
Happy Holidays,hho
Time Spiral Promos,ptsp
Time Spiral Timeshifted,tsb
Time Spiral,tsp
Coldsnap Promos,pcsp
Coldsnap Theme Decks,cst
Coldsnap,csp
Dissension Promos,pdis
Dissension,dis
Champs and States,pcmp
Guildpact Promos,pgpt
Guildpact,gpt
Magic Premiere Shop 2006,pmps06
Arena League 2006,pal06
Junior APAC Series,pjas
Friday Night Magic 2006,f06
Hachette UK,phuk
DCI Promos,dci
Magic Player Rewards 2006,p06
Judge Gift Cards 2006,g06
Two-Headed Giant Tournament,p2hg
Ravnica: City of Guilds Promos,prav
Magic Premiere Shop 2005,pmps
Ravnica: City of Guilds,rav
Salvat 2005,psal
Ninth Edition Promos,p9ed
Ninth Edition,9ed
Saviors of Kamigawa Promos,psok
Saviors of Kamigawa,sok
Betrayers of Kamigawa Promos,pbok
Betrayers of Kamigawa,bok
Arena League 2005,pal05
Junior Series Europe,pjse
Magic Player Rewards 2005,p05
Judge Gift Cards 2005,g05
Friday Night Magic 2005,f05
Unhinged Promos,punh
Unhinged,unh
Champions of Kamigawa Promos,pchk
Champions of Kamigawa,chk
World Championship Decks 2004,wc04
Mirrodin Promos,pmrd
Fifth Dawn Promos,p5dn
Fifth Dawn,5dn
Darksteel Promos,pdst
Darksteel,dst
Arena League 2004,pal04
Friday Night Magic 2004,f04
Magic Player Rewards 2004,p04
Judge Gift Cards 2004,g04
Mirrodin,mrd
World Championship Decks 2003,wc03
Eighth Edition Promos,p8ed
Eighth Edition,8ed
Scourge Promos,pscg
Scourge,scg
Legions Promos,plgn
Legions,lgn
Magic Online Avatars,pmoa
Japan Junior Tournament,pjjt
Arena League 2003,pal03
Judge Gift Cards 2003,g03
Friday Night Magic 2003,f03
Vintage Championship,ovnt
Magic Player Rewards 2003,p03
World Championship Decks 2002,wc02
Onslaught,ons
Onslaught Promos,pons
Hobby Japan Promos,jp1
Magic Online Promos,prm
Judgment Promos,pjud
Judgment,jud
Torment Promos,ptor
Torment,tor
Arena League 2002,pal02
Judge Gift Cards 2002,g02
Friday Night Magic 2002,f02
Magic Player Rewards 2002,pr2
Deckmasters,dkm
Odyssey Promos,pody
Odyssey,ody
World Championship Decks 2001,wc01
Sega Dreamcast Cards,psdg
Apocalypse Promos,papc
Apocalypse,apc
Seventh Edition,7ed
Planeshift Promos,ppls
Planeshift,pls
Arena League 2001,pal01
Magic Player Rewards 2001,mpr
Friday Night Magic 2001,f01
Judge Gift Cards 2001,g01
Invasion Promos,pinv
Invasion,inv
Beatdown Box Set,btd
World Championship Decks 2000,wc00
Prophecy Promos,ppcy
Prophecy,pcy
Starter 2000,s00
Nemesis Promos,pnem
Nemesis,nem
European Land Program,pelp
Arena League 2000,pal00
Judge Gift Cards 2000,g00
Friday Night Magic 2000,fnm
Junior Super Series,psus
Battle Royale Box Set,brb
Mercadian Masques Promos,pmmq
Mercadian Masques,mmq
Wizards of the Coast Online Store,pwos
World Championship Promos,pwor
World Championship Decks 1999,wc99
Guru,pgru
Starter 1999,s99
Urza's Destiny Promos,puds
Urza's Destiny,uds
Portal Three Kingdoms Promos,pptk
Portal Three Kingdoms,ptk
Classic Sixth Edition,6ed
Urza's Legacy Promos,pulg
Urza's Legacy,ulg
Arena League 1999,pal99
Judge Gift Cards 1999,g99
Anthologies,ath
Urza's Saga Promos,pusg
Urza's Saga,usg
Asia Pacific Land Program,palp
World Championship Decks 1998,wc98
Unglued Tokens,tugl
Unglued,ugl
Portal Second Age,p02
Exodus Promos,pexo
Exodus,exo
Stronghold Promos,psth
Stronghold,sth
Judge Gift Cards 1998,jgp
Tempest Promos,ptmp
Tempest,tmp
World Championship Decks 1997,wc97
Weatherlight,wth
Oversized League Prizes,olep
Portal,por
Vanguard Series,pvan
MicroProse Promos,pmic
Astral Cards,past
Fifth Edition,5ed
Visions,vis
Introductory Two-Player Set,itp
Multiverse Gift Box,mgb
Mirage,mir
Redemption Program,pred
Celebration Cards,pcel
Arena League 1996,parl
Rivals Quick Start Set,rqs
DCI Legend Membership,plgm
Alliances,all
Pro Tour Collector Set,ptc
Oversized 90's Promos,o90p
Homelands,hml
Renaissance,ren
Rinascimento,rin
Chronicles,chr
Chronicles Foreign Black Border,bchr
Ice Age,ice
Fourth Edition Foreign Black Border,4bb
Fourth Edition,4ed
Media and Collaboration Promos,pmei
Fallen Empires,fem
HarperPrism Book Promos,phpr
The Dark,drk
Dragon Con,pdrc
Summer Magic / Edgar,sum
Legends,leg
Revised Edition,3ed
Foreign Black Border,fbb
Antiquities,atq
Arabian Nights,arn
Intl. Collectors' Edition,cei
Collectors' Edition,ced
Unlimited Edition,2ed
Limited Edition Beta,leb
Limited Edition Alpha,lea
